1800GUNSANDAMMO,Arlington,TX,
21:31 Arms LLC,Morris,AL,
2nd Amendment,Animas,NM,
31 March Custom Firearms,MYRTLE BEACH,SC,
3 ACES,Spokane,WA,
3five7 Arms,KATY,TX,
3Gees Firearms,Jupiter,FL,
3 Guy Supply,Cincinnati,OH,
3MG Operations, LLC,Myrtle Beach,SC,
3 Shots Firearms,Olanta,SC,
417guns,Springfield,MO,
5280 Tactical Solutions, LLC,Englewood,CO,
54-17 Arms,Amissville,VA,
911Tactical LLC,Honesdale,PA,
Aaction Transmission,Port Saint Lucy,FL,
A-Advantage Firearms Co.,Pittsburgh,PA,
AB Firearms,EVANSVILLE,IN,
A&B Pawn,Van Buren,AR,
Acadia Arms,Ellsworth,ME,
Accurate Firearms,Fenwick,MI,
Accu Tac Arms,Elko,MN,
A&C Firearms,Heidenheimer,TX,
ACTION ARMS,SULPHUR,LA,
Adelbridge & Co.,SAN ANTONIO,TX,
Advantage Pawn and Sports,Ephraim,UT,
Aesir Arms LLC,Stuart,FL,
AFAS LLC / Patriot Gun Sales,MONTGOMERY,AL,
Alan's Armory,Cataula,GA,
Alice Firearms,St. George,UT,
Allegiant Rifleworks,McKinney,TX,
ALL SHOOTERS TACTICAL TACTICAL INC,Woodbridge,VA,
All Things Projectile, LLC,Powell,WY,
ALP FIREARMS LLC / M & J FIREARMS,Fortville,IN,
Alpha 1 Concepts,Kennesaw,GA,
Alpha 1 Concepts, LLC,Newnan,GA,
Alpha + Omega Firearms LLC,Festus,MO,
Alpha Outdoors, LLC.,Spencer,IA,
Amen Firearms Inc.,Washington,MI,
American Family Pawn & Guns,Powhatan,VA,
Amick’s Guns LLC,Gaston,SC,
Ammo Biz,Whitewright,TX,
Ample Arms,West Point,UT,
Anacortes Telescopes,Anacortes,WA,
Anchor Arms LLC,Glasgow,KY,
Angelic Firearms,WICHITA,KS,
Antietam Firearms,FUNKSTOWN,MD,
A & P Armory,Magnolia,TX,
Appalachian Gun, Pawn, Range & Training,JASPER,GA,
ARA inc.,Huntsville,AL,
Arapahoe road Guns & Ammo,Lafayette,CO,
Arclight Precision, LLC,Fenton,MI,
Arctic Shooting Supply,Pueblo,CO,
Area 51 Products LLC,DOTHAN,AL,
Arkansas Armory Inc,Sherwood,AR,
Armadillo Armory LLC,SAN ANTONIO,TX,
Arma Machine Worx,Bailey,CO,
ARMS NORTHWEST,Keizer,OR,
Arnzen Arms,Eden Prairie,MN,
Arrowhead Gun Co, AGC,Payson,UT,
Arsenal Arms Inc,HOMESTEAD,FL,
Arsenal Supply,Largo,FL,
Artemis Enterprises of Orange County LLC,Orlando,FL,
ASR ENTERPRISES,Shelbyville,KY,
Atlanta Range and Ordnance,Newnan,GA,
Atlantic Arms LLC,STOKESDALE,NC,
ATM Firearms,Heath,TX,
ATP Gun Shop and Range,Summerville,SC,
Atwells Police & Fire Equipment Company,Painesville,OH,
ATX Tactical Solutions,Jonestown,TX,
Aultman Arms,Texas city,TX,
Automatic Accuracy,Conway,AR,
AWA-USA, Inc.,Hialeah,FL,
AWH Arms & Ammo,Virginia Beach,VA,
BA Arms,Madison,WI,
Badlands Defense Group LLC/BDG Arms,Killdeer,ND,
Baier Arms,Simpsonville,SC,
Bain's Gunshop,Appleton,WI,
Bait Barn,Shawboro,NC,
Baltimore's Best Pawn & Gun,Finksburg,MD,
Bauer Firearms,ROCKWALL,TX,
Bauer Precision,DENTON,TX,
B&B Arms LLC,Randleman,NC,
B & B Firearms LLC,Norwood,NC,
B&B Guns and Ammo,Abilene,TX,
Bear Arms of Texas,Magnolia,TX,
Bear Creek Firearms, LLC,Keller,TX,
Bear Swamp Firearms,Wadsworth,OH,
Beech Grove Firearms, Inc.,Beech Grove,IN,
Belding and Mull,Philipsburg,PA,
Ben Wilcox Gun Sales,Port Neches,TX,
Best Shot Range,Friendswood,TX,
Bestway Pawn Mart, Inc,Yakima,WA,
Big Daddy Guns,Gainesville,FL,
Bigfoot Arms LLC,Harrison,AR,
BigHammer Armory,Moore,OK,
Big Horn Trading Co.,Sheridan,WY,
Big Rooster Firearms,Sparta,WI,
Big Tex Outdoors,Conroe,TX,
Big Tyme llc,Roscommon,MI,
BIRDDOG CRAZY FIREARMS,Laurie,MO,
B. King's Firearms,Elida,OH,
Black Ankle Munitions,Scottsboro,AL,
Black Dog Transfers, LLC,Ottumwa,IA,
Blackfish LLC,Chantilly,VA,
Black Label Arms LLC,West Linn,OR,
Black Steel Arms & Coatings LLC,Princeton,WV,
Black Warrior Armory,Columbiana,AK,
Blade-n-Barrel Sporting Goods,Jena,LA,
Blind Squirrel Tactical,Somerset,WI,
Blitz Customs,Florence,AL,
Blue Collar Arms,Fort Worth,TX,
Blue Collar Tactical,SIOUX FALLS,SD,
Blue Fins Group,Baltimore,MD,
Blue Line Firearms & Tactical LLC,Trumbull,CT,
Blue Maverick Guns,ALBUQUERQUE,NM,
Blue Steel Guns & Ammo,Raytown,MO,
B N B Armory, LLC,White City,OR,
Bollinger Gunsmithing & Sales, LLC,Taneytown,MD,
Bona Nox Firearms,Bothell,WA,
Boomers Ammo and Guns LLC,REIDSVILLE,NC,
Boomers Firearms,Manitowoc,WI,
Boondock firearms,Gallitzin,PA,
BOOTHEEL GUNS & AMMO, LLC,Kennett,MO,
Bountiful Armory,Bountiful,UT,
Bowman Arms,Fairbanks,AK,
Brants Custom Fishing Rods & more,St. Paul,KS,
Brazos river tactical,Damon,TX,
Bret Millet / B&R Guns,Lees Summit,MO,
Brian Franklin,Bruce,SD,
Brothers In Arms,Cedar Creek,TX,
Brothers in Arms Firearms,Filer,ID,
Brothers LA Arms, LLC,Mandeville,LA,
BTK Firearms,Merton,WI,
Buchanan Trail Sporting Good Inc.,McConnellsburg,PA,
Buckeye Silencers,Elida,OH,
Buck Hill Firearms LLC,Mountainhome,PA,
Buck Shot Sporting Goods,New Castle,IN,
Buck Shot Sporting Goods I,Winchester,IN,
Bucky Arms LLC,Huber Heights,OH,
Buds Gun Shop/ Buds Police Supply,LEXINGTON,KY,
Bulls Eye Marksman Gun Club,Cumming,GA,
BullZeye Shooting Sports, LLC.,Wilmington,NC,
C2 Arms,Keller,TX,
CAC HOLDINGS LLC,Fort Lauderdale,FL,
Cane River Firearms & Outdoors,Lena,LA,
Capital Sporting Goods,Helena,MT,
Carolina Gunrunners,Raleigh,NC,
Carolina Laser Works,Jefferson,NC,
Carry & Conceal of Tampa Bay,Tampa Bay,FL,
Carson Armory,Carson City,NV,
Carter Firearms,Minden,LA,
CC PLUS II,CONROE,TX,
CDM TACTICAL,Elk City,OK,
CDS arms,Claridge,PA,
CEDAR FALLS TACTICAL LLC,BONNE TERRE,MO,
Celerot Firearms, llc,Columbia,TN,
Central Florida Gun and Tactical,Leesburg,FL,
Central-Iowa Impact,Boone,IA,
Central Texas Gun Works,Austin,TX,
Cerberus Security LLC,Dickinson,ND,
CG Services,Ocala,FL,
charlie's pawn shop inc,Morgan city,LA,
Chattanooga Bar Stools and More,Chattanooga,TN,
Chelsea Firearms Co LLC,Bethel Park,PA,
Cherokee Gun & Pawn,Canton,GA,
Cherokee Guns,MURPHY,NC,
Chipley Gun & Pawn, Inc,Chipley,FL,
Chi Rho Precision,Twin Falls,ID,
Christopher Thomas Mhoon,Edmond,OK,
Chucks Gun and Pawn,Warner Robins,GA,
Chuck's Guns and Ammo, LLC,JUPITER,FL,
CKL Enterprises Inc. DBA Spotted Dog Sporting Goods,COLUMBIA,LA,
Class 3 Designs,Oregon City,OR,
Class 3 Solutions, Inc.,Leesburg,FL,
Classic American Gunsmith LLC,Charlottesville,VA,
Cliff's Guns, Safes, Reloading,BOISE,ID,
CML Outfitter,Fairbanks,AK,
COASTAL DEFENSE,AUBURN,ME,
Coastal Firearms,Ormond Beach,FL,
Cody Teel (TGW),Wheatland,WY,
Cole Hanks/ Sand Creek Firearms,Wolf Point,MT,
Colorado Class 3,Centennial,CO,
COMMON SHOOTERS SUPPLY,Aurora,CO,
Condition One Firearms LLC,Chardon,OH,
Continental Armory LLC,Alpharetta,GA,
Cooper Customs,Calera,AL,
Cooters Classic Firearms,forest hill,MD,
Copper Country Shooting Sports,Silver City,NM,
Copper Custom Armament,VALPARAISO,IN,
Copperhead Armory LLC,Terry,MS,
Covington Gun Sales,Andalusia,AL,
Creekside guns and Ammo,Taylorsville,GA,
Crosstac Arms,Loveland,CO,
CSJB Holdings, Inc,Lubbock,TX,
C&S Metall-Werkes, Ltd.,St. Charles,MO,
Custom Defense Firearms LLC,KILLEEN,TX,
Custom Gun Finishes,Minersville,PA,
CWG Enterprises,Margate,FL,
CYA LLC,Forney,TX,
DAE enterprises,Erwin,TN,
Dakota Silencer,SIOUX FALLS,SD,
Daniel García,Rio Grande city,TX,
Dark Horse Armory,Metcalfe,GA,
Darkside Tactical,Draper,UT,
Daugherty's Guns,Port Orchard,WA,
Dauntless Armory,Texico,NM,
David C Price,boynton beach,FL,
Davidson Defense Inc,Orem,UT,
DDK Guns and Sporting Goods LLC,Plant City,FL,
Dead Dog Tactical,Atoka,OK,
Deadeye Gun and Pawn LLC,sparta,MO,
Deep Cover Solutions LLC,Franklin,LA,
Deep Creek Outfitters,Creighton,SD,
Deerfield Pistol and Archery Center,Deerfield,WI,
DEFCON DELTA TACTICAL LLC,Kings Mountain,NC,
Denali Arms,BARTLESVILLE,OK,
Desert Devil Arms LLC,El Mirage,AZ,
Designated Firearms,Danbury,TX,
Devil Dog Armory LLC,Fremont,NH,
Devil Dog Gun Company, LLC,Arlington,TX,
DG Firearms,Florissant,MO,
DGX,St. George,UT,
Discreet Ballistics,Plainfield,NH,
Diversified Firearms,BANTAM,CT,
Division Of Arms, LLC,Orange,TX,
D&L Guns Plus,Choudrant,LA,
DNA Guns,Bunker Hill,WV,
Doc Neeley's Guns,PORT ANGELES,WA,
Dona Ana Munitions,Las Cruces,NM,
Dooley Defense LLC,PIERRE,SD,
Double Tap Firearms Texas, Inc,Iowa Park,TX,
Douglas Starrett,Flatwoods,KY,
Down By The Tracks, Inc,Galveston,IN,
Down Range Training,Queen Creek,AZ,
Dozier Weaponry, LLC,Alvin,TX,
D-R Armory & Fabrications,Madison,AL,
D&R Gunsmithing and Sales,Moncks Corner,SC,
D.T.O.M. Arsenal & Armory LLC,Leesburg,GA,
Dunaway Custom Arms,Forest Lake,MN,
Dunbar Firearms,Midland,TX,
Eagle Gun Range, Inc,Lewisville,TX,
Eagle Guns,Concord,NC,
East Coast Glocks, LLC,Ford Cliff,PA,
Eastern Oregon Tactical,Hermiston,OR,
Easy Company Armory LLC,Peoria,AZ,
EDC Tactical,Richmond,VA,
EFI, LLC,Inwood,WV,
EJT Solutions, LLC,RICHMOND,TX,
Elite Firearms,Myrtle Beach,SC,
Elk Bomb Shooting Supplies LLC,Rock Springs,WY,
Emerald Valley Armory, LLC,Creswell,OR,
Empire Machine LTD,Reno,NV,
Engage Armament,Rockville,MD,
Epic Enterprises LLC, dba Impact Weaponry,Litchfield,NH,
Eric Aldridge,Waxahachie,TX,
Everyday Training, Llc,Sugar Land,TX,
Everyman Tactical LLC,Humble,TX,
Evlutionz LLC,Yulee,FL,
Evolution Arms,Vinita,OK,
EXPERT OUTFITTERS GUN SHOP,NORTH LIMA,OH,
Express Firearms LLC,Mansfield,AR,
Exquisite Guns of Arkansas LLC.,Little Rock,AR,
Extreme Tactical,Kalispell,MT,
Falcon Defense Group,Louisville,KY,
Fargione Firearms,Taylor,PA,
Farm N' Arms LLC,Lakeland,FL,
Fast Tech Ordnance, LLC,Kearney,MO,
FDL Group,Baton Rouge,LA,
Field and Streams Sporting Goods,San Angelo,TX,
Fine Firearms of Washington PA,Washington,PA,
Firearms 4 Less,Little Rock,AR,
Firearms Solutions,Duncan,OK,
First Due Firearms LLC,SABATTUS,ME,
Five Star Gun,Longs,SC,
Florida Custom Weapon Finishing,Jacksonville,FL,
Flying Monkey Gun Works,Wamego,KS,
FMJ, LLC,Cambridge,OH,
Fortress Firearms,College Grove,TN,
FOURTH POINT DEFENSE, LLC,Bonham,TX,
Frank's Firearms LLC,Harlem,GA,
French Creek Outerfitters Inc,Phoenixville,PA,
Frog Bones Family Shooting Center,MELBOURNE,FL,
FRONTIER FIREARMS, LLC,Kingston,TN,
Frontier Guns And Ammo,Hamilton,MT,
Frontiersman Sports,St. Louis Park,MN,
Front Range Gun Club,Loveland,CO,
Fullarmor Firearms,Houston,TX,
FULL ARMOR FIREARMS,Houston,TX,
Gadsden Arsenal,Dodge city,KS,
Gadsden Guns Inc.,Beaverdam,VA,
Ga Firing line/Freedom Firearms Inc,Marietta,GA,
Garys bow shack LLC,Saylorsberg,PA,
GARY'S GUN SHOP LLC,Torrington,WY,
Gators Custom Guns Inc/GCG INC,Kelso,WA,
G&B Gunworks,Plainfield,CT,
GC SPORTING GOODS,Cincinnati,OH,
Geaux Locked and Loaded LLC,Mangham,LA,
GERBRAND DEFENSE, LLC,White Lake,MI,
G&G Enterprise,Kingston,TN,
Ghost Army Tactical Firearms,Virginia Beach,VA,
GiGi's Gunshop,PORT REPUBLIC,MD,
GILBERTS GUN SHOP LLC,Frankfort,KY,
GI Loan Shop INC,Grand Island,NE,
Gonzo Tactical,SCOTTSBORO,AL,
Gordon Specialty Arms,Greenville,SC,
Governors Gun Club,Powder Springs,GA,
Grant Firearms,JONESBORO,AR,
Grant Patrick Montgomery,Pittsburgh,PA,
Granville Gun Works Inc.,Creedmoor,NC,
Grays,Hartwell,GA,
great lakes gunworx llc,Rossford,OH,
Great Plains Guns Inc.,Baldwin City,KS,
Green Top Hunt & Fish,Ashland,VA,
Gresham Firearms,Ironwood,MI,
GS Arms LLC,Farmington,NM,
G-Tech Defense LLC,Shelley,ID,
Gulf Coast Gun & Outdoors,MILTON,FL,
Gun Cents,Mason City,NE,
Gunco, LLC,Starkville,MS,
Gunners Firearms,Raymore,MO,
Gunners Sport Shop,BROOKINGS,OR,
Gunnies Inc,Orem,UT,
Gunocologist,Davie,FL,
GunRunner Arms,Junction City,OR,
Guns and Range Training Center,West Palm Beach,FL,
GunsnAmmo LLC,Benton,LA,
Guns Of Texas,Houston,TX,
Gunsports Inc,Jeffersontown,KY,
Gun Stock and Barrel LLC,Inverness,FL,
Guns Unlimited,Granada,CO,
Guns Warehouse,Cedar Park,TX,
Gunway gunsales LLC,Harrisburg,SD,
Gun Works, LLC,Cleveland,TN,
Gun World of South Florida,Deerfield Beach,FL,
GYM RATZ NUTRITION,Mechanicsville,MD,
Hamilton & Sons Firearms Co LLC,Cottonwood,AZ,
Hansohn Brothers,Culpeper,VA,
Hart's Guns,Uniontown,OH,
Havasu Guns,Lake Havasu City,AZ,
HawkTech Arms,Meridian,ID,
Hazen Armory,Hazen,ND,
HB Guns,Oak Point,TX,
HDS,Bristol,ME,
Helodriver20 Productions, LLC,Arvada,CO,
Hendrick Outddoors LLC,Lipan,TX,
Hesseling & Sons LLC,Lima,OH,
HHCC LLC,Kennewick,WA,
High Desert Heat LLC,Fort Mohave,AZ,
High Desert Sports,Cedar City,UT,
High Plains Armory,Byers,CO,
High Plains Gun Shop,Clovis,NM,
Hillside Sales,Roanoke,IN,
Holmes Firearm Corporation,Parker,CO,
Hot Metal Transfers, LLC,McDonald,PA,
Hoyle Creek Firearms, LLC,Meno,OK,
Hunter's Guns Ammo & Sporting Goods,Yerington,NV,
Huskey's,Tullahoma,TN,
I5 Guns & Ammo,Olympia,WA,
Indian territory armory llc,Okmulgee,OK,
Indy Arms Company,Indianapolis,IN,
Indy Trading Post,Indianapolis,IN,
Infidel Guns & Gear LLC,Holiday,FL,
In-Laws & Outlaws Gun Shop,Gas City,IN,
IOSFG, LLC DBA Freddys Pawn & Jewelry,NEW BRAUNFELS,TX,
Jaime C Pena,Laredo,TX,
James Joyce,Arnegard,ND,
J AND J FIREARMS LLC,Grayson,KY,
Jarvis Guns and Ammo Inc,Riviera Beach,FL,
Jason Dotson/Dotson Firearms,WAVERLY,TN,
JD Explosives LLC, DBA Pistols Plus,Columbia,SC,
J&E GUNS INC.,Bellefonte,PA,
Jerry's Shootin' Irons & Pawn,Ocean Springs,MS,
Jigsaw Weaponry, LLC.,Giddings,TX,
JK Silencers,Lincolnton,NC,
JL Custom Arms, LLC,Bradley,SC,
Johnson's Gun Works,Brownwood,TX,
JoJo’s Gun Works LLC,Southington,CT,
Jon's Guns, LLC,Bristol,VA,
J. Parrish,Garner,NC,
JPO HUNTIN SPOT,Sweetwater,TX,
JRs Hunting and Shooting Supplies LLC,Racine,WI,
jr's pawn & gun shop llp,Poteau,OK,
J&R Specialty Gunsmiths LLC,Seattle,WA,
J&S Specialty,Shawnee,KS,
K-5 Arms Exchange Inc.,Trophy Club,TX,
Kaufman's Gun and Gold Exchange,Daleville,AL,
Kellner Range and Supply,Columbiana,OH,
Keltic Armament,Mill Creek,WA,
Kentucky Windage,Hurst,TX,
Keystone Armaments,ROCHESTER,PA,
Keystone Group Keystone Armory,Auburn,WA,
Kilo Arms,Sturgis,SD,
Kin limited,Eau Claire,WI,
Kinscorp DBA Triple B Guns,Coeur d'Alene,ID,
Kirkwood Outfitters inc.,Des Peres,MO,
Komar Enterprises, LLC,Culpeper,VA,
KRP Firearms T/A Quail Run Outfitters,Centreville,MD,
Lafourche Gunworks, LLC,Thibodaux,LA,
Lake County Arms, LLC,Mount Dora,FL,
Lake Erie Arms,Huron,OH,
Landry's Guns,Addis,LA,
Langley Munitions Incorporated,Manhattan,MT,
Lapine Sporting Goods,LA PINE,OR,
Last Man Arms LLC,St. Peter,Minesota,
Last Round Standard,Olathe,KS,
Lawrence W. Lay,Douglass,KS,
Laymans Gun Shop,East Prospect,PA,
LCW Manufacturing,Chipppewa Falls,WI,
LEE ARMORY,PHOENIX,AZ,
Legion Arms,McKeesport,PA,
L.E.O.Arms, LLC,PRESCOTT VALLEY,AZ,
Level Up Tactical, LLC,Davie,FL,
Lewis Williams LLC,Wiggins,CO,
Lexington Guns & Shooting Range,Lexington,SC,
L&F Tactical,Hallsville,MO,
Liberty gun sales,Milton,FL,
Lionheart Militaria,Guilford,CT,
Little Jack's Guns,Milton,FL,
L & L Arms LLC,Clinton Township,MI,
LMI Arms,Leander,TX,
Locked and Loaded Arms, Inc,Seabrook,TX,
Lock Stock & Barrel, LLC,Taneytown,MD,
Long Range Alley Gun Club,Grand Cane,LA,
Lotus Gunworks Naples/The Alamo Range,Naples,FL,
Louis Shipka Lou's Gun Shop,Norton,OH,
Lutac llc.,Wichita Falls,TX,
Mack's Sport Shop/ Mack's Prairie Wings,STUTTGART,AR,
Macpherson Firearms LLC,Chester,NH,
M.A.C. Precision LLC,Ajo,AZ,
Magers Enterprises,Benwood,WV,
MAGS Indoor Shooting, LLC,Moriarty,NM,
MAME Tactical,DADE CITY,FL,
Manhattan Project Armory,Richland,WA,
Marksmen Firearms,manfield,TX,
Martin Stowell/Six Point Arms, LLC,Cabot,AR,
Mastershop Distributing,Bullhead City,AZ,
Mat-Su Tactical,Wasilla,AK,
McCaysville Drug Center, inc.,McCaysville,GA,
McCunn Specialty Firearms,Massena,IA,
Me 2 Firearms,Parachute,CO,
Meadow Ridge Archery & Gun,Nacogdoches,TX,
Men of Arms,Charlotte,MI,
METALWERK,Dawson,GA,
MGM Guns & Ammo,Terrell,TX,
MICHAEL E TRENT - FFL,Tomball,TX,
Michael R. Smith / Smiths Speed Shop,PURVIS,MS,
Michiana Hardware LLC Michiana Firearms,Plymouth,IN,
Midwest Gun Exchange,MISHAWAKA,IN,
Mikes Firearms,NAPLES,FL,
MIKE'S OUTDOOR SPORTS,PENSACOLA,FL,
Milan Arsenal,Milan,TN,
MILAN ARSENAL, LLC,MIlan,TN,
Mission Outpost Outdoor Outfitters,St. Robert,MO,
Mitchell Custom Guns & Bulletworks,Breckenridge,TX,
Mitchell Munitions,Overland Park,KS,
MJ Gunsmithing LLC,Hubertus,WI,
MOA LLC,St. Louis,MO,
MOA Tactical, LLC,Reidsville,NC,
Modern Elite Firearms LLC,San Antonio,TX,
Modern Outfitters,Dallas,TX,
Molon Labe Arms Co.,ROGERS,AR,
Monarch Defense,Bellingham,WA,
Moss Pawn & Guns,JONESBORO,GA,
Motor City Armory LLC,Holly,MI,
Motor City Gun Works, Inc.,Keego Harbor,MI,
M&S Armory,McCamey,TX,
MTTG Corp,Pascagoula,MS,
MVR Wholesale,Rowlett,TX,
Nevada Firearms & Training,Henderson,NV,
New Frontier Armory,North Las Vegas,NV,
New Frontier Outfitters,Philadelphia,PA,
NIGHT STAR INC,HAZLE TOWNSHIP,PA,
Nite Reign LLC,Sachse,TX,
NM Precision Systems LLC,Gentry,AR,
Noblix Defense Systems,Miami,FL,
North Coast Shoters Supply,Warrenton,OR,
NORTHEAST MUNITIONS LLC,Manchester,NH,
Northern Supply Gun & Ammo,Altoona,PA,
Northside Gun Shop,Columbia,TN,
Northside Pawn Shop,COLUMBUS,GA,
North Texas Pawn & Gun LLC,Nocona,TX,
Norton Sporting Goods,Waldo,OH,
Not Just Guns,MASON,MI,
NSK Sales Co,Boring,MD,
Oakley Arms,Fairborn,OH,
Odessa Camera Center, Inc.,Odessa,TX,
Oklahoma Silencer,Bixby,OK,
Old Dominion Guns, Inc./Old Dominion Guns,Carrollton,VA,
Old Glory Outfitters,TEMPLE,TX,
Oliver Weapons Works,Gilbert,AZ,
One Shot Firearms & Accessories,WENATCHEE,WA,
On Target Outdoors LLC,Castle Rock,WA,
Openrange Inc,Crestwood,KY,
Outdoor Pursuit,Sac City,IA,
Outlaw Gun & Tactical, LLC / Arms Authority,Rifle,CO,
P4 Firearms,WICHITA,KS,
Pacific Southwest Outfitters,Gilbert,AZ,
Paladin Lead Delivery Systems,Firestone,CO,
Palmer Gunworks LLC,Enfield,NH,
Palmetto Arms,Summerville,SC,
Papa Cap Guns,Griffin,GA,
PARK CENTER SPORTING GOODS,RAINELLE,WV,
Patrick's Gun Shop,SHREVEPORT,LA,
PATRIOT ARMORY OF TEXAS,Hurst,TX,
Patriot firearm solutions,Grand Valley,MO,
Patriot Guns of Florida,Port St. Lucie,FL,
Patriot Silencers,Dunwoody,GA,
Patriot Supply,Flagstaff,AZ,
Patriot Works,Manti,UT,
Paul Carlson Goedde,Fayetteville,TN,
paul's marine inc,lewis center,OH,
Payne Brothers Firearms,HOUSTON,TX,
PDS Company,Fort Worth,TX,
Peacemaker National Training Center,Gerrardstown,WV,
Pearson Guns,OSAGE,IA,
Pelican 1, LLC,Stuart,FL,
P. F. Custom Guns,ASHEVILLE,NC,
Philomath Gun Shop,Philomath,OR,
Phil’s Iron and Wood Firearms Co.,Aspinwall,PA,
Phobos Armory,Florence,SC,
Piece of Mind Firearms LLC.,Triadelphia,WV,
PILLBOX ARMORY,Havelock,NC,
Pinnacle Firearms, LLC,Carmel,IN,
PKAT Arms Inc,Newport,NC,
Poe's FFL,Yukon,OK,
Pointe Trap & Tactical,Saint Clair Shores,MI,
Powder Horn Armory, Ltd.,Centerville,OH,
Powder River Armory,Mills,WY,
Precision Arms and Ammunition,Alamo,TX,
Precision Gunsmithing,forest,VA,
Private Sector Arms,Olympia,WA,
Pro Arms,Live Oak,FL,
Pro Gun,Wilmington,NC,
Progun Gunworks,Boothbay,ME,
proven arms and outfitters - quantico tactical,Woodbridge,VA,
PSS ARMS LLC,Advance,NC,
Public Gun of Pompano,Hollywood,FL,
Quarter Horse Arms,Snow Camp,NC,
Quiet Professional Firearms,Huntsville,AL,
Quiet Riot Firearms,Mcdonough,GA,
Rabourne firearms,BAKER CITY,OR,
Rainier Arms,Auburn,WA,
R and J Performance Coatings,Lubbock,TX,
RANGEMASTERS TRAINING CENTER,Clive,IA,
Ranger Firearms & Mercantile,Fort Walton Beach,FL,
Ranger Firearms of Texas,SAN ANTONIO,TX,
Rappahannock Arms,WOODVILLE,VA,
R & A Tactical, LLC,Lebanon,MO,
RAZR Defense,Queen Creek,AZ,
R. Barrus,Houston,TX,
RBH GUNS,Choctaw,OK,
Ready Gunner,Provo,UT,
Rebel Arms Co.,LLC,Oxford,MS,
REC Gunworks,Bolivar,PA,
Red beard Gunworks, llc,PORTLAND,TX,
Red Bear Gun Brokers,Colorado Springs,CO,
Red Dirt Firearms,Pauls Valley,OK,
Red Dog Reloading, LLC,Trout Lake,WA,
Red Dog Supply, LLC,Quitman,AR,
Red River Firearms, LLC,Shreveport,LA,
Red Stag Tactical,MIDLAND,TX,
Reliance Firearms,ROGERS,AR,
Reliance Firearms/GI-Guns & Ammo,Rogers,AR,
Rellim Arms, LLC,Wichita,KS,
Rex Tactical Armory,Abbeville,LA,
REX TYSON / KENTUCKY FIREARMS,NICHOLASVILLE,KY,
Rhinos Gunworx,Poplar Bluff,MO,
Richard Antoine,Forney,TX,
Richard J. Miller,Vail,AZ,
Rich's Gun Shop,Donald,OR,
Ricochet Firearms,Aberdeen,SD,
Right To Bear Arms Armory,Arlington,TX,
Right To Bear ARms LLC,Haubstadt,IN,
Rim Country Guns L.L.C.,PAYSON,AZ,
Rimrock Defensive Innovations,Laurel,MT,
Riverman LLC,Dalton Gardens,ID,
River’s Edge Tactical,Valley City,OH,
RMG,Helena,MT,
R&M Sporting Goods,Wasilla,AK,
Rob's Tactical Firearms,Ashdown,AR,
Rock Creek Barrels, Inc.,Albany,WI,
Rocking B,Billings,MT,
Rocktown Tactical,Harrisonburg,VA,
Rocky Mountain Custom Coating,Hamilton,MT,
Rocky Mountain Gun Club, LLC,Grand Junction,CO,
Rocky Mountain Shooters Supply,Fort Collins,CO,
ROE Armory LLC,Glendale,AZ,
ROE Tactical,Irving,TX,
Roman David Tactical,Ocala,FL,
Rome Gun and Pawn,Rome,GA,
Ron Dishop Silencers,Dunnellon,FL,
Ron Peterson Firearms,ALBUQUERQUE,NM,
Rook Arms,Cape Coral,FL,
roseburg gun,Roseburg,OR,
Rowdy's LLC,St. George,UT,
Roy Cheney/ 144 Firearms,North Augusta,SC,
RS Repair, LLC,Preston,ID,
R Tac,Lafayette,TN,
RTC Enterprises Inc,ELIZABETH CITY,NC,
S3 Custom, L.L.C.,Bradenton,FL,
S3 Weaponworks,Sanford,ME,
Safe & Sound Consultants, LLC,Kansas City,KS,
Safety Harbor Firearms,Safety Harbor,FL,
Sagra nw,Ronan,MT,
SAI Arms, LLC,San Antonio,TX,
Samano's Firearms,League City,TX,
Savannah River Cerakote,Augusta,GA,
Schellbach's Guns,Little Rock,MS,
S. Coleman,Bondville,VT,
Scotts Tactical,Rockingham,NC,
SeaStrong Customs LLC.,Sitka,AK,
Second Amendment Shooting & Sport,Niceville,FL,
SFK Gun Corp,Lumberton,TX,
Sharp Machining & Tooling, LLC,Mount Airy,GA,
Sharp Shooters USA,Roswell,GA,
Shenandoah Sporting Goods,Toms Brook,VA,
shooters supply,berlin,MD,
Shooters Supply,South Hutchinson,KS,
Shooting Fever, LLC.,Miami,FL,
SIA LLC,Knoxville,TN,
Sienna Armory,Missouri City,TX,
Signal 10 llc,Warner Robins,GA,
Signal Zero Supplies,Saint Cloud,FL,
Silber Silber LLC,Bismarck,ND,
Silenced Weapons,Battle Ground,WA,
Silencer HQ,Bennet,NE,
Silent Customs,HOUSTON,TX,
Silent Night Firearms,WOODSTOCK,GA,
Silent Rifle Group,Batesville,AR,
Silver Dollar Firearms,Odessa,FL,
S&J Customs, LLC,Jefferson,GA,
SKIPS DEFENSE SOLUTIONS,Louisville,KY,
Small Arms Supply Co,Oran,MO,
Smoke and Lead Guns,Watauga,TX,
Smoking Gun Indoor Range & Training Center,Rapid City,SD,
Snap Shots LLC,North Kansas City,MO,
Sonny's Gun Shop,Caribou,ME,
Sound Tactical,Bremerton,WA,
South County Gun Co LLC,SCHERERVILLE,IN,
SouthEast LTP,High Springs,FL,
Southeast Silencers,Matthews,NC,
Southern Hills Tactical LLC,CUSTER,SD,
Southern Maine Firearms,Sanford,ME,
South Sound Guns,Lacey,WA,
Southwest Precision Arms,Montrose,CO,
Spiritcloud Tactical, LLC,Eugene,OR,
Split Mountain Metals,Belgrade,MT,
Split Rock Arms,Sioux Falls,SD,
Sporting Solutions LLC,Omro,WI,
Sportsmans Rod & Gun,Elizabthetown,KY,
Spring Guns & Ammo Crosby,Crosby,TX,
Spring Guns and Ammo/ Bayou Arms Inc,SPRING,TX,
SRC Firearms, LLC,Hermiston,OR,
SS Rifle LLc,Meeker,CO,
ST Bernard Indoor Shooting Center,Arabi,LA,
Stealth Armament,GLENDALE,AZ,
Stephen E Seger FFL/SOT,Ballwin,MO,
Steven Petersen,Forest Grove,OR,
Stewart Custom, llc,West Salem,WI,
St. Landry Lumber Co.,Opelousas,LA,
Stoddard's Range and Guns,Atlanta,GA,
STOP DROP AND SHOP LLC,Colorado Springs,CO,
Strategic Response Tactical LLC,Gilbert,AZ,
Sub-MOA Firearms,Prole,IA,
SWFA Outdoors,Midlothian,TX,
Syndicate Arms,Wexford,PA,
T2 Holdings, LLC,Perrysburg,OH,
TAC Munitions,Houston,TX,
Tactical Investments, LLC,Collierville,TN,
Tactically Acquired,Clarksville,TN,
Tactical Solutions International, Inc.,Crowheart,WY,
TAG Firearms,BISMARCK,ND,
Tallahassee Indoor Shooting Range LLC,Tallahassee,FL,
Talos Tactical,West Richland,WA,
Tar Heel State Firearms,Matthews,NC,
TBL Arms,Leesburg,VA,
TBO Defense, LLC,Spicewood,TX,
Team JC Guns,Rowlett,TX,
Tek Arms Inc.,Manchester,CT,
Texas Guns & Survival LLC,Carthage,TX,
Texas Gun & Supply,LEAGUE CITY,TX,
Texas Precision Guns,Bryan,TX,
Texas Ranch Outfitters,Yantis,TX,
Texas Tactical Guns,SPRING,TX,
Thames River Arms,Waterford,CT,
The Armory Shooter Supply,Berthoud,CO,
The Armory Winter Garden,Winter Garden,FL,
The Arms Race, LTD.,Castle Rock,CO,
The Arms Room,Dickinson,TX,
The Arms Room,Orlando,FL,
The Bullseye Gun Club/JAW,South Jordan,UT,
The Freedom Shoppe,New Milford,CT,
Thegungarage&shootingrangellc,Topeka,KS,
The Gun Guys, Inc.,Ottawa,KS,
The Gun Room, LLC,Shenandoah,TX,
The Gun Shop,Williamsville,MO,
The Gun Shop,Thomasville,NC,
The Gun Shop LLC,Kenosha,WI,
The Hub,Lakeside,AZ,
The Lead Dispensary, LLC,Blakely,GA,
The Lead Shed,Wauseon,OH,
The Outpost Armory,Christiana,TN,
The Pawn Company,Bowling Green,KY,
The Range of Richfield,Richfeild,WI,
The Right Place,Los Lunas,NM,
The Shadow Group Solutions,Centreville,VA,
THG Outdoors,Riley,IN,
Thin Blue Line Firearms,Tomball,TX,
THOR Global Defense Group,Van Buren,AR,
Three Gun Nuts LLC,Spokane,WA,
Three Rivers Arsenal,Wetumpka,AL,
Thunder Alley Indoor Shooting Range, LLC,Lincoln,NE,
Thunder Roads Magazine of Iowa DBA Thunder Guns,Kimballton,IA,
TIER 1 LLC,Nine Mile Falls,WA,
Tier 1 Operations,Leesburg,VA,
Tiffany Guns,NAMPA,ID,
TIM'S GUNSMITHING,Winter Haven,FL,
Title II Firearms Inc,Tulsa,OK,
TJ Gun Sales,Mcminvill,OR,
TK Customs LLC,BISMARCK,ND,
TMGN LLC DBA The Machine Gun Nest,FREDERICK,MD,
TNT Firearms and Accessories,Fernandina Beach,FL,
Top Quality Enterprises LLC /Lock N Load Firearms,Shawnee,OK,
Top Shelf Tactical, LLC,New Albany,IN,
Top Shot Armory LLC,South Bend,IN,
Toxic Guns and Gear,St. George,UT,
TPC,Wingate,TX,
TPF Outdoors LLC,Fort Atkinson,WI,
Trajectory Arms LLC,Springville,UT,
Travis Look,Sparks,NV,
Triggerpull.US,Sunrise,FL,
Trigger Time Gun Club,Longmont,CO,
Trigger Time Indoor Shooting Center,Tupelo,MS,
Tri Lakes Armory and Goods LLC,Malvern,AR,
Triple H Firearms,Morristown,TN,
Triple J Firearms,Magnolia,TX,
Tri Star Engineering, Inc,Bedford,IN,
Triton Mfg.,Virginia Beach,VA,
Trop Gun Shop LTD,Elizabethtown,PA,
T&R Tactical, LLC, DBA Lonestar Gunrunners,NAVASOTA,TX,
Two Valley Supply,Riverton,WY,
Tyner Petrus Co Inc.,Monroe,LA,
Ultra Precision Firearms & Ammunition,Tucson,AZ,
Union Arms Co.,Pahrump,NV,
United Pawnbrokers,Jonesboro,AR,
Up In Arms,Madison,AL,
U.P. in Arms LLC,Sault Sainte Marie,MI,
Upscale Pawn / Family Firearms,Troy,AL,
Upstate Armory Group,Simpsonville,SC,
v,Tampa,FL,
Vandalia Range and Armory,Vandalia,OH,
Venom Armament LLC,Paradise,TX,
Vest pocket coin & currency,Brunswick,ME,
Vickey's Guns,Pueblo,CO,
Victory Firearms,Virginia beach,VA,
Victory Range and Armory,New Castle,IN,
Virlee Gunworks,New Franken,WI,
Visionary Arms LLC,Prairieville,LA,
V.Q. Gunworks LLC,Gervais,OR,
VT SERVICES GROUP,Belton,TX,
Wainwright's Firearms, Inc.,New Braunfels,TX,
Walczak Stanley Thomas jr,Haltom City,TX,
Warhorse Industries,Beach city,TX,
Warrior Arms LLC,De Pere,WI,
Warrior Holdings dba Peterson Farms,Muskego,WI,
Warriors Edge Armory,ALBUQUERQUE,NM,
Washington County Guns,West Alexander,PA,
washington street pawn,TWIN FALLS,ID,
Waterloo Tactical,Austin,TX,
Waumbec Weaponry,Manchester,NH,
WD Guns, LLC,Alva,OK,
Weber's, Ltd.,Temple,TX,
Weddle's Gun Shop,Campbellsville,KY,
Wendl's Weapons,CARROLL,IA,
We Plead The 2nd (WPT2),Tempe,AZ,
Westman Precision Firearms, LLC,Iron Mountain,MI,
West Salem Tactical,Salem,VA,
West Virginia Gun Company,Vienna,WV,
Whistling Pines Gun Club,Colorado Springs,CO,
Whittaker Guns,owensboro,KY,
Wiggy's Alaska,Anchorage,AK,
Wilde Armory, LLC,Amarillo,TX,
Wilkeys Advanced Armaments,Dayton,TN,
William E. Tadrick/The Gun Room,Grand Blanc,MI,
William Thomas Badey,Lester,PA,
William Thompson - Gunsmith,Prescott,AZ,
Will's Gun Shop,Taylorsville,KY,
Wilson Arms & Armaments llc,Gilmanton Iron Works,NH,
Windham Indoor Shooting Range & Retail Store,Windham,ME,
Witchdoctor company,Arvada,CO,
WNC Tactical Arms, Inc.,Brevard,NC,
Woden Armory,Fredericksburg,TX,
Wolverine State Armory,Berkley,MI,
Worldwide Technologies,Franklin,KY,
Worldwide Technologies LLC,Franklin,KY,
Yalobusha Armory,Water Valley,MS,
Yeomans Arms Co., LLC,BAXLEY,GA,
Yingling Guns,Judsonia,AR,
York Tactical, LLC,Tamaqua,PA,
Zig Look,Reno,NV,
Zingers & Flingers,Marathon,WI,
ZR Tactical Solutions,Noblesville,IN,
ZULU ARMOURY,DORAL,FL,
